,Player,Tm,G,Pos,PTS,TRB,AST,STL,BLK,FG%,3P%,FT%,PTS_VAR,TRB_VAR,AST_VAR,STL_VAR,BLK_VAR,FG%_VAR,3P%_VAR,FT%_VAR,TOT_VAR
0,Aaron Gordon,DEN,73,PF,21.9,10.2,5.6,1.2,1.0,0.556,0.29,0.658,0.0,0.31,0.71,-0.25,0.0,1.49,-1.11,-0.97,4.84
1,Aaron Holiday,HOU,78,PG,19.6,4.7,5.4,1.6,0.2,0.446,0.387,0.921,-0.34,-0.73,-1.12,0.19,-0.76,-0.1,0.46,1.13,4.83
2,Aaron Nesmith,IND,72,SF,20.7,6.5,2.6,1.5,1.2,0.496,0.419,0.781,0.23,-0.3,-0.61,0.2,1.02,1.11,1.16,-0.14,4.77
3,Aaron Wiggins,OKC,78,SG,21.2,7.3,3.4,2.2,0.7,0.562,0.492,0.789,-0.18,0.66,-0.71,1.49,0.0,3.08,2.46,-0.09,8.67
4,Al Horford,BOS,65,C,16.0,11.7,4.8,1.1,1.8,0.511,0.419,0.867,-0.96,-0.89,0.33,-0.39,0.0,-0.78,0.43,1.56,5.34
5,Alec Burks,TOT,66,SG,27.7,6.0,3.5,1.1,0.5,0.369,0.376,0.868,0.86,-0.05,-0.66,-0.85,-0.48,-2.43,0.06,1.0,6.39
6,Alex Caruso,CHI,71,SG,17.5,6.7,6.0,2.9,1.7,0.468,0.408,0.76,-0.78,0.33,0.48,2.99,2.4,0.4,0.72,-0.49,8.59
7,Alperen Sengun,HOU,63,C,31.6,14.0,7.4,1.8,1.1,0.537,0.297,0.693,1.57,-0.23,1.42,0.97,-0.6,-0.44,-0.13,-0.61,5.97
8,Amen Thompson,HOU,62,SF,20.7,14.3,5.7,2.7,1.3,0.536,0.138,0.684,0.23,3.0,1.37,2.61,1.23,2.16,-4.06,-1.3,15.96
9,Amir Coffey,LAC,70,SF,15.7,5.0,2.6,1.4,0.5,0.472,0.38,0.859,-0.63,-0.93,-0.61,0.0,-0.41,0.48,0.44,0.79,4.29
10,Andre Drummond,CHI,79,C,24.5,26.1,1.4,2.7,1.8,0.556,0.0,0.592,0.42,3.24,-1.08,2.71,0.0,-0.19,-1.48,-1.87,10.99
11,Andrew Nembhard,IND,68,PG,17.4,3.9,7.8,1.8,0.2,0.498,0.357,0.804,-0.62,-1.18,-0.18,0.57,-0.76,1.38,-0.35,-0.4,5.44
12,Andrew Wiggins,GSW,71,SF,23.7,8.1,3.0,1.1,1.0,0.453,0.358,0.751,0.76,0.38,-0.35,-0.6,0.61,-0.01,0.03,-0.5,3.24
13,Anthony Black,ORL,69,PG,13.4,5.9,3.9,1.5,0.9,0.466,0.394,0.613,-1.12,-0.06,-1.71,0.0,1.37,0.47,0.65,-2.89,8.27
14,Anthony Davis,LAL,76,C,33.0,16.9,4.7,1.6,3.1,0.556,0.271,0.816,1.8,0.6,0.29,0.58,1.11,-0.19,-0.25,0.92,5.74
15,Anthony Edwards,MIN,79,SG,36.6,7.7,7.2,1.8,0.7,0.461,0.357,0.836,2.29,0.87,1.03,0.64,0.0,0.2,-0.33,0.56,5.92
16,Ausar Thompson,DET,63,SF,16.9,12.2,3.6,2.1,1.8,0.483,0.186,0.597,-0.43,2.11,0.03,1.41,2.25,0.77,-3.17,-2.34,12.51
17,Austin Reaves,LAL,82,SG,23.5,6.4,8.1,1.2,0.5,0.486,0.367,0.853,0.18,0.16,1.44,-0.64,-0.48,0.91,-0.12,0.79,4.72
18,Ayo Dosunmu,CHI,76,SG,20.8,4.9,5.5,1.5,0.8,0.501,0.403,0.81,-0.25,-0.66,0.25,0.0,0.24,1.34,0.62,0.2,3.56
19,Bam Adebayo,MIA,71,C,28.2,15.2,5.7,1.7,1.4,0.521,0.357,0.755,1.02,0.11,0.71,0.77,-0.34,-0.65,0.15,0.16,3.91
20,Bennedict Mathurin,IND,59,SF,26.3,7.2,3.7,1.1,0.4,0.446,0.374,0.821,1.21,0.0,0.1,-0.6,-0.61,-0.2,0.33,0.33,3.38
21,Bilal Coulibaly,WAS,63,SF,14.5,7.0,3.0,1.6,1.3,0.435,0.346,0.702,-0.84,-0.08,-0.35,0.4,1.23,-0.48,-0.2,-1.08,4.66
22,Blake Wesley,SAS,61,SG,14.5,5.1,9.0,1.6,0.5,0.474,0.218,0.667,-1.26,-0.55,1.85,0.21,-0.48,0.57,-3.2,-1.76,9.88
23,Bobby Portis,MIL,82,PF,27.0,14.5,2.5,1.6,0.8,0.508,0.407,0.79,0.66,1.95,-0.66,0.76,-0.27,0.65,0.49,0.49,5.93
24,Bogdan BogdanoviÄ,ATL,79,SG,26.6,5.4,4.9,1.9,0.5,0.428,0.374,0.921,0.68,-0.38,-0.02,0.85,-0.48,-0.74,0.02,1.72,4.89
25,Brandin Podziemski,GSW,74,SG,16.8,10.5,6.7,1.5,0.3,0.454,0.385,0.633,-0.89,2.41,0.8,0.0,-0.96,0.0,0.25,-2.23,7.54
26,Brandon Ingram,NOP,64,SF,31.1,7.6,8.5,1.2,0.9,0.492,0.355,0.801,2.04,0.17,3.16,-0.4,0.41,1.01,-0.03,0.1,7.32
27,Brandon Miller,CHO,74,SF,26.5,6.5,3.6,1.4,0.9,0.44,0.373,0.827,1.24,-0.3,0.03,0.0,0.41,-0.35,0.31,0.41,3.05
28,Brook Lopez,MIL,79,C,19.7,8.2,2.5,0.9,3.8,0.485,0.366,0.821,-0.36,-1.89,-0.63,-0.77,1.7,-1.11,0.19,0.98,7.63
29,Bruce Brown,TOT,67,PG,18.6,7.3,4.9,1.5,0.4,0.478,0.323,0.824,-0.47,0.73,-1.32,0.0,-0.15,0.81,-1.27,-0.14,4.89
30,Bryce McGowens,CHO,59,SG,16.9,5.7,2.9,1.2,0.6,0.439,0.333,0.776,-0.87,-0.22,-0.94,-0.64,-0.24,-0.43,-0.83,-0.27,4.44
31,Buddy Hield,TOT,84,SF,22.5,6.0,5.2,1.6,0.9,0.436,0.386,0.881,0.55,-0.51,1.05,0.4,0.41,-0.46,0.55,1.05,4.98
32,CJ McCollum,NOP,66,PG,30.0,6.5,6.9,1.4,0.9,0.459,0.429,0.827,0.96,0.28,-0.53,-0.19,1.37,0.27,1.6,-0.1,5.3
33,Cade Cunningham,DET,62,PG,32.6,6.2,10.8,1.3,0.5,0.449,0.355,0.869,1.28,0.11,1.0,-0.38,0.15,-0.01,-0.41,0.45,3.79
34,Caleb Houstan,ORL,59,SF,15.4,5.1,1.8,0.9,0.2,0.388,0.373,0.808,-0.69,-0.89,-1.12,-1.01,-1.02,-1.71,0.31,0.18,6.93
35,Caleb Martin,MIA,64,SF,18.2,8.0,4.1,1.3,0.8,0.431,0.349,0.778,-0.2,0.34,0.35,-0.2,0.2,-0.59,-0.14,-0.18,2.2
36,Cam Thomas,BRK,66,SG,35.4,5.1,4.6,1.1,0.4,0.442,0.364,0.856,2.1,-0.55,-0.16,-0.85,-0.72,-0.34,-0.19,0.83,5.74
37,Cameron Johnson,BRK,58,PF,24.0,7.8,4.3,1.5,0.5,0.446,0.391,0.789,0.27,-0.61,0.13,0.5,-0.67,-0.44,0.27,0.48,3.37
38,Cameron Payne,TOT,78,PG,21.5,4.4,7.6,1.6,0.4,0.432,0.39,0.866,-0.11,-0.9,-0.26,0.19,-0.15,-0.5,0.54,0.41,3.06
39,Caris LeVert,CLE,68,SG,24.0,7.1,8.7,1.9,0.9,0.421,0.325,0.766,0.26,0.55,1.71,0.85,0.48,-0.94,-0.99,-0.41,6.19
40,Cason Wallace,OKC,82,SG,15.9,5.3,3.4,2.2,1.1,0.491,0.419,0.784,-1.04,-0.44,-0.71,1.49,0.96,1.06,0.95,-0.16,6.81
41,Cedi Osman,SAS,72,SF,18.3,6.7,4.5,1.3,0.4,0.479,0.389,0.673,-0.18,-0.21,0.61,-0.2,-0.61,0.67,0.6,-1.43,4.51
42,Chet Holmgren,OKC,82,C,27.0,12.9,4.0,1.1,3.8,0.53,0.37,0.793,0.83,-0.54,0.0,-0.39,1.7,-0.53,0.2,0.64,4.83
43,Chris Duarte,SAC,59,SF,15.5,7.2,3.0,1.9,0.5,0.381,0.346,0.788,-0.67,0.0,-0.35,1.01,-0.41,-1.89,-0.2,-0.06,4.59
44,Chris Paul,GSW,58,PG,16.8,7.1,12.4,2.2,0.2,0.441,0.371,0.827,-0.69,0.62,1.63,1.32,-0.76,-0.24,0.03,-0.1,5.39
45,Christian Braun,DEN,82,SG,18.0,9.2,4.0,1.3,1.0,0.46,0.384,0.694,-0.7,1.69,-0.43,-0.43,0.72,0.17,0.23,-1.39,5.76
46,Clint Capela,ATL,73,C,21.3,19.8,2.3,1.1,2.7,0.571,0.0,0.631,-0.1,1.43,-0.71,-0.39,0.77,0.0,-1.48,-1.38,6.26
47,Coby White,CHI,79,PG,26.1,6.2,7.0,0.9,0.3,0.447,0.376,0.838,0.47,0.11,-0.49,-1.13,-0.46,-0.07,0.16,0.05,2.94
48,Cole Anthony,ORL,81,PG,25.5,8.5,6.4,1.7,1.0,0.435,0.338,0.826,0.39,1.41,-0.73,0.38,1.67,-0.41,-0.87,-0.11,5.97
49,Collin Sexton,UTA,78,SG,33.9,4.8,8.9,1.4,0.4,0.487,0.394,0.859,1.85,-0.71,1.81,-0.21,-0.72,0.94,0.43,0.87,7.54
50,Corey Kispert,WAS,80,SF,24.2,5.1,3.5,0.9,0.4,0.486,0.383,0.726,0.84,-0.89,-0.03,-1.01,-0.61,0.85,0.49,-0.8,5.52
51,D'Angelo Russell,LAL,76,PG,26.2,4.5,9.2,1.3,0.7,0.456,0.415,0.828,0.48,-0.85,0.37,-0.38,0.76,0.19,1.22,-0.08,4.33
52,Dalen Terry,CHI,59,SG,13.2,8.3,5.9,2.0,1.3,0.439,0.23,0.581,-1.47,1.2,0.43,1.07,1.44,-0.43,-2.96,-2.95,11.95
53,Damian Lillard,MIL,73,PG,33.1,6.0,9.5,1.3,0.3,0.424,0.354,0.92,1.34,0.0,0.49,-0.38,-0.46,-0.73,-0.43,1.12,4.95
54,Daniel Gafford,TOT,74,C,21.2,14.6,3.0,1.7,4.0,0.725,,0.674,-0.11,-0.06,-0.42,0.77,1.87,1.99,3.0,-0.85,9.07
55,Daniel Theis,TOT,60,C,18.3,11.9,3.0,1.0,2.5,0.532,0.366,0.76,-0.58,-0.83,-0.42,-0.58,0.6,-0.5,0.19,0.22,3.92
56,Dario Å ariÄ,GSW,64,C,22.7,12.5,6.3,1.4,0.4,0.466,0.376,0.849,0.13,-0.66,0.96,0.19,-1.19,-1.36,0.23,1.33,6.05
57,David Roddy,TOT,65,PF,17.6,8.8,3.3,1.1,0.5,0.403,0.293,0.691,-0.56,-0.23,-0.31,-0.5,-0.67,-1.19,-1.07,-0.61,5.14
58,Davion Mitchell,SAC,72,PG,16.7,4.2,5.9,0.7,0.1,0.452,0.361,0.714,-0.71,-1.02,-0.92,-1.51,-1.06,0.07,-0.24,-1.57,7.1
59,Day'Ron Sharpe,BRK,61,C,22.3,20.9,4.6,1.3,2.4,0.571,0.267,0.61,0.06,1.75,0.25,0.0,0.51,0.0,-0.26,-1.64,4.47
60,De'Aaron Fox,SAC,74,PG,35.9,6.2,7.6,2.7,0.6,0.465,0.369,0.738,1.69,0.11,-0.26,2.26,0.46,0.44,-0.03,-1.26,6.51
61,DeMar DeRozan,CHI,79,SF,31.6,5.7,7.0,1.5,0.8,0.48,0.333,0.853,2.13,-0.63,2.2,0.2,0.2,0.69,-0.44,0.72,7.21
62,Dejounte Murray,ATL,78,SG,30.2,7.2,8.7,1.9,0.4,0.459,0.363,0.794,1.26,0.6,1.71,0.85,-0.72,0.14,-0.21,-0.02,5.51
63,Deni Avdija,WAS,75,SF,22.8,11.2,5.9,1.2,0.7,0.506,0.374,0.74,0.6,1.69,1.5,-0.4,0.0,1.37,0.33,-0.63,6.52
64,Dennis SchrÃ¶der,TOT,80,PG,22.0,4.7,9.6,1.2,0.3,0.435,0.375,0.836,-0.04,-0.73,0.53,-0.57,-0.46,-0.41,0.14,0.02,2.9
65,Derrick Jones Jr.,DAL,76,SF,17.7,6.7,2.0,1.4,1.4,0.483,0.343,0.713,-0.29,-0.21,-0.99,0.0,1.43,0.77,-0.25,-0.95,4.89
66,Derrick White,BOS,73,SG,23.0,6.4,7.8,1.5,1.8,0.461,0.396,0.901,0.1,0.16,1.3,0.0,2.64,0.2,0.48,1.45,6.33
67,Devin Booker,PHO,68,PG,36.7,6.1,9.4,1.2,0.6,0.492,0.364,0.886,1.79,0.06,0.45,-0.57,0.46,1.21,-0.16,0.67,5.37
68,Devin Vassell,SAS,68,SG,27.9,5.5,5.8,1.5,0.5,0.472,0.372,0.801,0.89,-0.33,0.39,0.0,-0.48,0.51,-0.02,0.08,2.7
69,Dillon Brooks,HOU,72,SF,19.9,5.4,2.6,1.4,0.2,0.428,0.359,0.844,0.1,-0.76,-0.61,0.0,-1.02,-0.67,0.05,0.61,3.82
70,Domantas Sabonis,SAC,82,C,26.4,18.6,11.2,1.2,0.8,0.594,0.379,0.704,0.73,1.09,3.0,-0.19,-0.85,0.3,0.25,-0.47,6.88
71,Donte DiVincenzo,NYK,81,SG,26.9,6.3,4.6,2.3,0.8,0.443,0.401,0.754,0.73,0.11,-0.16,1.71,0.24,-0.31,0.58,-0.57,4.41
72,Dorian Finney-Smith,BRK,68,PF,14.9,8.1,2.7,1.4,1.0,0.421,0.348,0.717,-0.91,-0.5,-0.57,0.25,0.0,-0.87,-0.31,-0.32,3.73
73,Doug McDermott,TOT,64,SF,18.4,3.1,3.7,0.8,0.1,0.433,0.41,0.579,-0.16,-1.73,0.1,-1.21,-1.23,-0.54,0.99,-2.55,8.51
74,Drew Eubanks,PHO,75,C,15.8,13.4,2.6,1.1,2.5,0.601,1.0,0.774,-0.99,-0.4,-0.58,-0.39,0.6,0.39,3.07,0.4,6.82
75,Duncan Robinson,MIA,68,SF,22.9,4.5,5.0,1.2,0.4,0.45,0.395,0.889,0.62,-1.14,0.93,-0.4,-0.61,-0.09,0.72,1.14,5.65
76,Duop Reath,POR,68,C,25.1,10.2,2.7,1.3,1.5,0.461,0.359,0.742,0.52,-1.32,-0.54,0.0,-0.26,-1.42,0.15,0.0,4.21
77,Dwight Powell,DAL,63,C,11.9,12.3,4.8,1.5,1.1,0.679,0.333,0.708,-1.62,-0.72,0.33,0.39,-0.6,1.4,0.04,-0.42,5.52
78,Dyson Daniels,NOP,61,PG,12.8,8.5,5.9,3.1,0.9,0.447,0.311,0.642,-1.19,1.41,-0.92,3.02,1.37,-0.07,-1.6,-2.51,12.09
79,Eric Gordon,PHO,68,SG,19.3,3.1,3.6,1.7,0.8,0.443,0.378,0.797,-0.49,-1.64,-0.62,0.43,0.24,-0.31,0.1,0.02,3.85
80,Franz Wagner,ORL,72,SF,30.1,8.1,5.7,1.6,0.6,0.482,0.281,0.85,1.87,0.38,1.37,0.4,-0.2,0.74,-1.4,0.68,7.04
81,Fred VanVleet,HOU,73,PG,22.9,5.0,10.6,1.8,1.1,0.416,0.387,0.86,0.07,-0.56,0.92,0.57,1.98,-0.96,0.46,0.33,5.85
82,Garrison Mathews,ATL,66,SG,15.7,4.4,1.8,1.0,0.4,0.456,0.44,0.81,-1.07,-0.93,-1.44,-1.07,-0.72,0.06,1.38,0.2,6.87
83,Gary Trent Jr.,TOR,71,SG,23.6,4.6,2.9,1.9,0.2,0.426,0.393,0.771,0.2,-0.82,-0.94,0.85,-1.2,-0.8,0.41,-0.34,5.56
84,Georges Niang,CLE,82,PF,20.7,7.5,2.6,0.8,0.5,0.449,0.376,0.85,-0.16,-0.73,-0.62,-1.26,-0.67,-0.38,0.07,1.15,5.04
85,Giannis Antetokounmpo,MIL,73,PF,41.6,15.7,8.9,1.6,1.5,0.611,0.274,0.657,2.57,2.41,2.16,0.76,0.67,2.45,-1.33,-0.99,13.34
86,Goga Bitadze,ORL,62,C,16.1,14.8,4.1,1.7,3.7,0.603,0.143,0.655,-0.94,0.0,0.04,0.77,1.62,0.41,-0.83,-1.08,5.69
87,Gradey Dick,TOR,60,SG,19.4,5.0,2.6,1.3,0.1,0.425,0.365,0.863,-0.47,-0.6,-1.07,-0.43,-1.44,-0.83,-0.17,0.93,5.94
88,Grant Williams,TOT,76,PF,17.9,7.2,4.0,1.0,0.9,0.456,0.375,0.757,-0.52,-0.84,0.0,-0.76,-0.13,-0.26,0.05,0.12,2.68
89,Grayson Allen,PHO,75,SG,19.7,5.7,4.4,1.3,0.9,0.499,0.461,0.878,-0.43,-0.22,-0.25,-0.43,0.48,1.28,1.82,1.13,6.04
90,Harrison Barnes,SAC,82,PF,20.4,5.1,2.0,1.1,0.2,0.474,0.387,0.801,-0.2,-1.65,-0.88,-0.5,-1.07,0.05,0.22,0.61,5.18
91,Haywood Highsmith,MIA,66,PF,14.8,7.7,2.6,1.9,1.1,0.465,0.396,0.639,-0.93,-0.65,-0.62,1.51,0.13,-0.1,0.34,-1.18,5.46
92,Herbert Jones,NOP,76,SF,17.7,5.7,4.2,2.2,1.3,0.498,0.418,0.867,-0.29,-0.63,0.41,1.61,1.23,1.16,1.14,0.88,7.35
93,Immanuel Quickley,TOT,68,PG,28.6,6.4,8.2,1.2,0.2,0.434,0.395,0.853,0.78,0.23,-0.02,-0.57,-0.76,-0.44,0.68,0.24,3.72
94,Isaac Okoro,CLE,69,SF,16.9,5.4,3.5,1.5,0.9,0.49,0.391,0.679,-0.43,-0.76,-0.03,0.2,0.41,0.95,0.64,-1.36,4.78
95,Isaiah Hartenstein,NYK,75,C,15.5,16.6,5.0,2.3,2.3,0.644,0.333,0.707,-1.04,0.52,0.42,1.94,0.43,0.94,0.04,-0.44,5.77
96,Isaiah Jackson,IND,59,C,23.4,14.6,3.1,2.1,3.7,0.665,0.0,0.716,0.24,-0.06,-0.38,1.55,1.62,1.21,-1.48,-0.32,6.86
97,Isaiah Joe,OKC,78,SG,21.2,6.0,3.3,1.5,0.7,0.458,0.416,0.865,-0.18,-0.05,-0.75,0.0,0.0,0.11,0.89,0.95,2.93
98,Ivica Zubac,LAC,68,C,21.9,17.2,2.6,0.6,2.3,0.649,,0.723,0.0,0.69,-0.58,-1.36,0.43,1.01,3.0,-0.24,7.31
99,JT Thor,CHO,63,PF,12.6,9.2,1.8,0.7,1.7,0.437,0.346,0.55,-1.21,-0.08,-0.97,-1.51,0.93,-0.59,-0.34,-2.17,7.8
100,Jabari Smith Jr.,HOU,76,PF,20.9,12.3,2.4,1.0,1.2,0.454,0.363,0.811,-0.13,1.11,-0.71,-0.76,0.27,-0.3,-0.11,0.72,4.11
101,Jabari Walker,POR,72,SF,18.5,14.8,2.1,1.2,0.6,0.46,0.295,0.754,-0.15,3.21,-0.93,-0.4,-0.2,0.17,-1.14,-0.46,6.66
102,Jaden Hardy,DAL,73,SG,25.7,6.4,5.3,1.1,0.2,0.407,0.362,0.776,0.54,0.16,0.16,-0.85,-1.2,-1.34,-0.23,-0.27,4.75
103,Jaden Ivey,DET,77,SG,25.7,5.7,6.4,1.2,0.9,0.429,0.336,0.749,0.54,-0.22,0.66,-0.64,0.48,-0.71,-0.76,-0.64,4.65
104,Jaden McDaniels,MIN,72,SF,17.8,5.3,2.4,1.5,1.0,0.489,0.337,0.722,-0.27,-0.8,-0.73,0.2,0.61,0.93,-0.36,-0.85,4.75
105,Jae'Sean Tate,HOU,65,SF,12.5,9.3,3.0,2.0,0.7,0.472,0.299,0.667,-1.19,0.89,-0.35,1.21,0.0,0.48,-1.07,-1.5,6.69
106,Jaime Jaquez Jr.,MIA,75,SF,21.0,6.7,4.6,1.8,0.5,0.489,0.322,0.811,0.29,-0.21,0.67,0.8,-0.41,0.93,-0.64,0.21,4.16
107,Jalen Brunson,NYK,77,PG,40.9,5.1,9.6,1.3,0.2,0.479,0.401,0.847,2.32,-0.51,0.53,-0.38,-0.76,0.84,0.84,0.16,6.34
108,Jalen Duren,DET,61,C,22.8,19.2,4.0,0.9,1.3,0.619,0.0,0.79,0.15,1.26,0.0,-0.77,-0.43,0.62,-1.48,0.6,5.31
109,Jalen Green,HOU,82,SG,30.0,7.9,5.4,1.2,0.5,0.423,0.332,0.804,1.23,0.98,0.21,-0.64,-0.48,-0.88,-0.85,0.12,5.39
110,Jalen Smith,IND,61,C,27.1,15.2,2.8,0.8,1.7,0.592,0.424,0.692,0.84,0.11,-0.5,-0.97,-0.09,0.27,0.45,-0.62,3.85
111,Jalen Suggs,ORL,75,SG,23.1,5.6,5.0,2.6,1.1,0.471,0.397,0.756,0.12,-0.27,0.02,2.35,0.96,0.49,0.5,-0.54,5.25
112,Jalen Williams,OKC,71,PF,29.3,6.1,7.0,1.7,1.0,0.54,0.427,0.814,0.96,-1.26,1.32,1.01,0.0,1.21,0.77,0.75,7.28
113,Jamal Murray,DEN,59,PG,33.3,6.4,10.2,1.5,1.0,0.481,0.425,0.853,1.37,0.23,0.77,0.0,1.67,0.9,1.49,0.24,6.67
114,James Harden,LAC,72,PG,23.8,7.4,12.3,1.5,1.1,0.428,0.381,0.878,0.18,0.79,1.59,0.0,1.98,-0.61,0.3,0.57,6.02
115,James Wiseman,DET,63,C,19.7,14.8,2.4,0.5,1.7,0.613,0.0,0.706,-0.36,0.0,-0.67,-1.55,-0.09,0.54,-1.48,-0.45,5.14
116,Jaren Jackson Jr.,MEM,66,C,34.2,8.4,3.5,1.8,2.4,0.444,0.32,0.808,1.99,-1.83,-0.21,0.97,0.51,-1.64,-0.02,0.82,7.99
117,Jarrett Allen,CLE,77,C,25.7,16.4,4.2,1.1,1.6,0.634,0.0,0.742,0.62,0.46,0.08,-0.39,-0.17,0.81,-1.48,0.0,4.01
118,Jaxson Hayes,LAL,70,C,16.4,11.4,1.8,1.8,1.6,0.72,0.0,0.622,-0.89,-0.97,-0.92,0.97,-0.17,1.93,-1.48,-1.49,8.82
119,Jaylen Brown,BOS,70,SF,34.0,8.2,5.3,1.8,0.8,0.499,0.354,0.703,2.54,0.42,1.12,0.8,0.2,1.19,-0.05,-1.07,7.39
120,Jaylin Williams,OKC,69,C,14.8,12.5,5.9,1.5,1.4,0.417,0.368,0.805,-1.15,-0.66,0.79,0.39,-0.34,-1.99,0.2,0.78,6.3
121,Jayson Tatum,BOS,74,PF,37.1,11.2,6.8,1.4,0.8,0.471,0.376,0.833,1.98,0.69,1.24,0.25,-0.27,0.0,0.07,0.96,5.46
122,Jeff Green,HOU,78,PF,18.9,6.6,2.6,0.6,1.2,0.456,0.331,0.819,-0.39,-1.07,-0.62,-1.76,0.27,-0.26,-0.55,0.81,5.73
123,Jeremy Sochan,SAS,74,PF,18.6,10.3,5.4,1.3,0.9,0.438,0.308,0.771,-0.43,0.34,0.62,0.0,-0.13,-0.58,-0.86,0.28,3.24
124,Jevon Carter,CHI,72,PG,17.7,3.0,4.7,1.8,0.8,0.378,0.329,0.571,-0.58,-1.69,-1.39,0.57,1.06,-2.04,-1.11,-3.44,11.88
125,Jimmy Butler,MIA,60,PF,30.4,7.8,7.3,1.9,0.4,0.499,0.414,0.858,1.11,-0.61,1.46,1.51,-0.8,0.49,0.59,1.24,7.81
126,Joe Ingles,ORL,68,SF,12.5,6.0,8.6,1.8,0.2,0.436,0.435,0.824,-1.19,-0.51,3.22,0.8,-1.02,-0.46,1.46,0.37,9.03
127,John Collins,UTA,68,PF,26.1,14.6,2.0,1.0,1.5,0.532,0.371,0.795,0.55,1.99,-0.88,-0.76,0.67,1.07,0.0,0.54,6.46
128,Jonas ValanÄiÅ«nas,NOP,82,C,25.5,18.4,4.4,0.8,1.7,0.559,0.308,0.785,0.58,1.03,0.17,-0.97,-0.09,-0.16,-0.08,0.54,3.62
129,Jonathan Isaac,ORL,58,PF,21.3,14.1,1.6,2.3,3.8,0.51,0.375,0.72,-0.08,1.8,-1.06,2.52,3.73,0.68,0.05,-0.29,10.21
130,Jonathan Kuminga,GSW,74,PF,29.5,8.8,4.0,1.4,0.9,0.529,0.321,0.746,0.99,-0.23,0.0,0.25,-0.13,1.01,-0.68,0.0,3.29
131,Jordan Hawkins,NOP,67,SG,22.1,6.3,3.0,0.8,0.3,0.382,0.366,0.838,-0.04,0.11,-0.89,-1.49,-0.96,-2.05,-0.14,0.58,6.26
132,Jordan Poole,WAS,78,SG,27.0,4.2,6.8,1.7,0.5,0.413,0.326,0.877,0.75,-1.04,0.85,0.43,-0.48,-1.17,-0.97,1.12,6.81
133,Josh Giddey,OKC,80,SG,23.6,12.3,9.2,1.2,1.1,0.475,0.337,0.806,0.2,3.39,1.94,-0.64,0.96,0.6,-0.74,0.14,8.61
134,Josh Hart,NYK,81,SF,14.2,12.6,6.2,1.4,0.4,0.434,0.31,0.791,-0.89,2.28,1.69,0.0,-0.61,-0.51,-0.86,-0.02,6.86
135,Josh Okogie,PHO,60,SG,14.1,7.8,3.3,2.4,1.2,0.417,0.309,0.745,-1.32,0.93,-0.75,1.92,1.2,-1.06,-1.32,-0.69,9.19
136,Jrue Holiday,BOS,69,PG,18.8,8.1,7.3,1.3,1.2,0.48,0.429,0.833,-0.44,1.18,-0.37,-0.38,2.28,0.87,1.6,-0.02,7.14
137,Julian Champagnie,SAS,74,SF,16.3,6.7,3.3,1.6,1.4,0.408,0.365,0.815,-0.53,-0.21,-0.16,0.4,1.43,-1.19,0.16,0.26,4.34
138,Justin Holiday,DEN,58,SG,13.5,4.1,3.9,2.1,0.5,0.454,0.404,0.75,-1.42,-1.09,-0.48,1.28,-0.48,0.0,0.64,-0.62,6.01
139,Jusuf NurkiÄ,PHO,76,C,19.5,19.7,7.1,1.9,1.9,0.51,0.244,0.64,-0.39,1.4,1.29,1.16,0.09,-0.79,-0.37,-1.27,6.76
140,KJ Martin,TOT,60,SF,14.8,8.6,3.4,1.5,0.8,0.536,0.286,0.537,-0.79,0.59,-0.1,0.2,0.2,2.16,-1.31,-3.05,8.4
141,Karl-Anthony Towns,MIN,62,PF,32.9,12.6,4.6,1.0,1.0,0.504,0.416,0.873,1.43,1.23,0.26,-0.76,0.0,0.58,0.62,1.41,6.29
142,Kawhi Leonard,LAC,68,SF,34.2,8.8,5.2,2.4,1.3,0.525,0.417,0.885,2.58,0.68,1.05,2.01,1.23,1.87,1.12,1.1,11.64
143,Keegan Murray,SAC,77,SF,22.0,7.9,2.4,1.5,1.1,0.454,0.358,0.831,0.46,0.3,-0.73,0.2,0.82,0.01,0.03,0.45,3.0
144,Keldon Johnson,SAS,69,SF,25.2,8.8,4.5,1.2,0.5,0.454,0.346,0.792,1.02,0.68,0.61,-0.4,-0.41,0.01,-0.2,-0.01,3.34
145,Kelly Olynyk,TOT,78,C,20.9,11.3,9.5,2.0,0.8,0.555,0.387,0.833,-0.16,-1.0,2.29,1.36,-0.85,-0.21,0.28,1.13,7.28
146,Kelly Oubre Jr.,PHI,68,SF,25.1,8.2,2.4,1.8,1.1,0.441,0.311,0.75,1.0,0.42,-0.73,0.8,0.82,-0.33,-0.85,-0.51,5.46
147,Kenrich Williams,OKC,69,PF,15.2,9.8,4.3,1.8,0.4,0.468,0.397,0.5,-0.87,0.15,0.13,1.26,-0.8,-0.05,0.36,-2.72,6.34
148,Kentavious Caldwell-Pope,DEN,76,SG,15.8,3.8,3.8,2.0,0.9,0.46,0.406,0.894,-1.05,-1.26,-0.53,1.07,0.48,0.17,0.68,1.35,6.59
149,Kevin Durant,PHO,75,PF,35.5,8.7,6.6,1.2,1.6,0.523,0.413,0.856,1.77,-0.27,1.15,-0.25,0.8,0.91,0.57,1.22,6.94
150,Kevin Huerter,SAC,64,SG,20.4,7.0,5.2,1.4,0.7,0.443,0.361,0.766,-0.31,0.49,0.11,-0.21,0.0,-0.31,-0.25,-0.41,2.09
151,Kevon Looney,GSW,74,C,13.5,17.0,5.4,1.1,1.2,0.597,0.0,0.675,-1.36,0.63,0.58,-0.39,-0.51,0.34,-1.48,-0.83,6.12
152,Keyonte George,UTA,75,PG,23.2,5.0,7.9,0.9,0.2,0.391,0.334,0.848,0.11,-0.56,-0.14,-1.13,-0.76,-1.67,-0.98,0.18,5.53
153,Klay Thompson,GSW,77,SF,29.1,5.4,3.7,1.1,0.7,0.432,0.387,0.927,1.69,-0.76,0.1,-0.6,0.0,-0.56,0.57,1.6,5.88
154,Kris Dunn,UTA,66,PG,13.8,7.3,9.8,2.6,1.1,0.47,0.369,0.688,-1.07,0.73,0.61,2.07,1.98,0.58,-0.03,-1.91,8.98
155,Kris Murray,POR,62,SF,13.8,8.2,2.9,1.9,0.8,0.396,0.268,0.661,-0.96,0.42,-0.41,1.01,0.2,-1.5,-1.64,-1.57,7.71
156,Kyle Anderson,MIN,79,PF,14.0,7.6,9.2,2.0,1.3,0.46,0.229,0.708,-1.03,-0.69,2.3,1.76,0.4,-0.19,-1.94,-0.42,8.73
157,Kyle Kuzma,WAS,70,PF,31.8,9.5,6.1,0.8,1.0,0.463,0.336,0.775,1.29,0.04,0.93,-1.26,0.0,-0.14,-0.48,0.32,4.46
158,Kyle Lowry,TOT,60,PG,14.3,5.7,7.4,1.7,0.6,0.432,0.392,0.84,-1.01,-0.17,-0.33,0.38,0.46,-0.5,0.6,0.07,3.52
159,Kyrie Irving,DAL,58,SG,35.1,6.9,7.1,1.7,0.7,0.497,0.411,0.905,2.05,0.44,0.98,0.43,0.0,1.23,0.79,1.5,7.42
160,Larry Nance Jr.,NOP,61,C,14.1,12.4,4.6,2.5,0.8,0.573,0.415,0.77,-1.26,-0.69,0.25,2.32,-0.85,0.03,0.41,0.35,6.16
161,LeBron James,LAL,71,PF,34.6,9.8,11.2,1.7,0.7,0.54,0.41,0.75,1.65,0.15,3.18,1.01,-0.4,1.21,0.53,0.04,8.17
162,Lonnie Walker IV,BRK,58,SG,27.7,6.2,3.6,1.6,1.0,0.423,0.384,0.763,0.86,0.05,-0.62,0.21,0.72,-0.88,0.23,-0.45,4.02
163,Luguentz Dort,OKC,79,SF,18.4,6.1,2.4,1.5,1.0,0.438,0.394,0.826,-0.16,-0.46,-0.73,0.2,0.61,-0.41,0.7,0.39,3.66
164,Luka DonÄiÄ,DAL,70,PG,43.3,11.8,12.5,1.8,0.7,0.487,0.382,0.786,2.62,3.27,1.67,0.57,0.76,1.07,0.33,-0.63,10.92
165,Luke Kornet,BOS,63,C,16.8,13.1,3.4,1.2,3.1,0.7,1.0,0.907,-0.83,-0.49,-0.25,-0.19,1.11,1.67,3.07,2.06,9.67
166,Malachi Flynn,TOT,69,PG,21.0,6.3,7.2,2.1,0.4,0.418,0.331,0.732,-0.17,0.17,-0.41,1.13,-0.15,-0.9,-1.06,-1.34,5.33
167,Malaki Branham,SAS,75,PG,20.5,4.4,4.6,0.8,0.2,0.432,0.347,0.873,-0.23,-0.9,-1.43,-1.32,-0.76,-0.5,-0.62,0.5,6.26
168,Malik Beasley,MIL,79,SG,18.3,6.0,2.2,1.2,0.2,0.443,0.413,0.714,-0.65,-0.05,-1.26,-0.64,-1.2,-0.31,0.83,-1.12,6.06
169,Malik Monk,SAC,72,SG,28.8,5.5,9.6,1.2,1.0,0.443,0.35,0.829,1.04,-0.33,2.13,-0.64,0.72,-0.31,-0.48,0.46,6.11
170,Marcus Sasser,DET,71,PG,20.9,4.5,8.4,1.6,0.4,0.428,0.375,0.879,-0.18,-0.85,0.06,0.19,-0.15,-0.61,0.14,0.58,2.76
171,Matisse Thybulle,POR,65,SF,11.8,4.5,3.0,3.8,1.6,0.397,0.346,0.759,-1.31,-1.14,-0.35,4.83,1.84,-1.48,-0.2,-0.41,11.56
172,Max Christie,LAL,67,SG,14.3,7.2,3.0,1.0,0.9,0.427,0.356,0.783,-1.29,0.6,-0.89,-1.07,0.48,-0.77,-0.35,-0.17,5.62
173,Max Strus,CLE,70,SF,18.8,7.5,6.2,1.4,0.6,0.418,0.351,0.794,-0.1,0.13,1.69,0.0,-0.2,-0.93,-0.1,0.01,3.16
174,Michael Porter Jr.,DEN,81,SF,26.2,10.9,2.4,0.8,1.0,0.484,0.397,0.836,1.19,1.56,-0.73,-1.21,0.61,0.8,0.75,0.51,7.36
175,Mikal Bridges,BRK,82,SF,27.9,6.5,5.2,1.4,0.5,0.436,0.372,0.814,1.48,-0.3,1.05,0.0,-0.41,-0.46,0.29,0.25,4.24
176,Mike Conley,MIN,76,PG,19.6,4.9,10.1,2.0,0.4,0.457,0.442,0.911,-0.34,-0.62,0.73,0.94,-0.15,0.21,1.95,1.0,5.94
177,Miles Bridges,CHO,69,SF,27.7,9.7,4.4,1.2,0.6,0.462,0.349,0.825,1.45,1.06,0.54,-0.4,-0.2,0.22,-0.14,0.38,4.39
178,Miles McBride,NYK,68,PG,21.3,3.8,4.3,1.9,0.3,0.452,0.41,0.86,-0.13,-1.24,-1.55,0.75,-0.46,0.07,1.08,0.33,5.61
179,Moritz Wagner,ORL,80,C,30.4,12.1,3.4,1.4,0.7,0.601,0.33,0.814,1.38,-0.77,-0.25,0.19,-0.94,0.39,0.02,0.9,4.84
180,Moses Moody,GSW,66,SG,22.3,8.2,2.4,1.8,1.0,0.462,0.36,0.785,-0.01,1.15,-1.17,0.64,0.72,0.23,-0.27,-0.14,4.33
181,Myles Turner,IND,77,C,29.8,12.1,2.3,0.9,3.3,0.524,0.358,0.773,1.28,-0.77,-0.71,-0.77,1.28,-0.61,0.15,0.39,5.96
182,Naji Marshall,NOP,66,SF,18.2,9.4,5.0,1.9,0.5,0.463,0.387,0.791,-0.2,0.93,0.93,1.01,-0.41,0.25,0.57,-0.02,4.32
183,Naz Reid,MIN,81,C,27.4,10.6,2.7,1.6,1.8,0.477,0.414,0.736,0.89,-1.2,-0.54,0.58,0.0,-1.21,0.4,-0.07,4.89
184,Nic Claxton,BRK,71,C,19.7,16.5,3.4,1.1,3.4,0.629,0.2,0.551,-0.36,0.49,-0.25,-0.39,1.36,0.75,-0.57,-2.38,6.55
185,Nick Richards,CHO,67,C,18.3,15.1,1.5,0.7,2.1,0.691,0.0,0.737,-0.58,0.09,-1.04,-1.16,0.26,1.55,-1.48,-0.06,6.22
186,Nickeil Alexander-Walker,MIN,82,SG,16.9,4.3,5.2,1.6,1.1,0.439,0.391,0.8,-0.87,-0.98,0.11,0.21,0.96,-0.43,0.37,0.06,3.99
187,Nicolas Batum,TOT,60,PF,10.3,8.0,4.1,1.5,1.2,0.453,0.395,0.714,-1.51,-0.54,0.04,0.5,0.27,-0.31,0.33,-0.35,3.85
188,Nikola JokiÄ,DEN,79,C,37.8,17.7,12.8,2.0,1.2,0.583,0.359,0.817,2.58,0.83,3.67,1.36,-0.51,0.16,0.15,0.93,10.19
189,Nikola VuÄeviÄ,CHI,76,C,26.2,15.3,4.9,1.0,1.1,0.484,0.294,0.822,0.7,0.14,0.38,-0.58,-0.6,-1.12,-0.14,1.0,4.66
190,Norman Powell,LAC,76,SG,26.2,4.8,2.0,1.1,0.5,0.486,0.435,0.831,0.62,-0.71,-1.35,-0.85,-0.48,0.91,1.28,0.49,6.69
191,Obi Toppin,IND,82,PF,23.0,8.7,3.5,1.3,1.2,0.573,0.403,0.77,0.14,-0.27,-0.22,0.0,0.27,1.78,0.44,0.27,3.39
192,Ochai Agbaji,TOT,78,SG,13.4,6.4,2.4,1.4,1.3,0.411,0.294,0.661,-1.44,0.16,-1.17,-0.21,1.44,-1.23,-1.63,-1.85,9.13
193,P.J. Washington,TOT,73,PF,20.6,9.0,3.1,1.6,1.3,0.436,0.32,0.683,-0.17,-0.15,-0.4,0.76,0.4,-0.61,-0.7,-0.7,3.89
194,Paolo Banchero,ORL,80,PF,31.9,9.8,7.6,1.3,0.8,0.455,0.339,0.725,1.3,0.15,1.59,0.0,-0.27,-0.28,-0.44,-0.23,4.26
195,Pascal Siakam,TOT,80,PF,31.2,10.2,6.1,1.1,0.4,0.536,0.346,0.732,1.21,0.31,0.93,-0.5,-0.8,1.14,-0.34,-0.16,5.39
196,Pat Connaughton,MIL,76,SF,12.3,6.9,4.6,1.1,0.5,0.435,0.345,0.759,-1.22,-0.13,0.67,-0.6,-0.41,-0.48,-0.21,-0.41,4.13
197,Patrick Beverley,TOT,73,PG,15.0,8.0,7.1,1.4,1.0,0.417,0.337,0.822,-0.92,1.13,-0.45,-0.19,1.67,-0.93,-0.89,-0.16,6.34
198,Paul George,LAC,74,PF,33.0,7.7,5.2,2.2,0.7,0.471,0.413,0.907,1.45,-0.65,0.53,2.27,-0.4,0.0,0.57,1.78,7.65
199,Paul Reed,PHI,82,C,18.6,15.1,3.4,2.1,2.6,0.54,0.368,0.718,-0.53,0.09,-0.25,1.55,0.68,-0.4,0.2,-0.3,4.0
200,Payton Pritchard,BOS,82,PG,21.3,7.2,7.6,1.1,0.2,0.468,0.385,0.821,-0.13,0.68,-0.26,-0.75,-0.76,0.53,0.41,-0.18,3.7
201,Peyton Watson,DEN,80,SF,17.7,8.6,2.9,1.4,2.9,0.465,0.296,0.67,-0.29,0.59,-0.41,0.0,4.49,0.3,-1.12,-1.47,8.67
202,Precious Achiuwa,TOT,74,PF,17.3,14.9,3.0,1.4,2.1,0.501,0.268,0.616,-0.6,2.11,-0.44,0.25,1.47,0.52,-1.41,-1.44,8.24
203,RJ Barrett,TOT,58,SG,31.3,8.4,5.2,0.8,0.6,0.495,0.36,0.715,1.44,1.26,0.11,-1.49,-0.24,1.17,-0.27,-1.11,7.09
204,Reggie Jackson,DEN,82,PG,22.7,4.2,8.4,1.2,0.4,0.431,0.359,0.806,0.04,-1.02,0.06,-0.57,-0.15,-0.53,-0.3,-0.37,3.04
205,Royce O'Neale,TOT,79,SF,15.3,9.5,5.5,1.5,1.1,0.397,0.37,0.686,-0.7,0.97,1.24,0.2,0.82,-1.48,0.25,-1.28,6.94
206,Rudy Gobert,MIN,76,C,20.2,18.7,1.9,1.0,3.1,0.661,0.0,0.638,-0.28,1.12,-0.88,-0.58,1.11,1.16,-1.48,-1.3,7.91
207,Rui Hachimura,LAL,68,PF,24.0,7.7,2.1,1.1,0.7,0.537,0.422,0.739,0.27,-0.65,-0.84,-0.5,-0.4,1.15,0.7,-0.08,4.59
208,Russell Westbrook,LAC,68,PG,24.3,11.1,9.9,2.4,0.7,0.454,0.273,0.688,0.24,2.88,0.65,1.7,0.76,0.13,-2.63,-1.91,10.9
209,Saddiq Bey,ATL,63,SF,20.1,9.6,2.1,1.2,0.3,0.416,0.316,0.837,0.13,1.01,-0.93,-0.4,-0.82,-0.98,-0.75,0.52,5.54
210,Sam Hauser,BOS,79,SF,20.2,7.8,2.3,1.1,0.7,0.446,0.424,0.895,0.15,0.25,-0.8,-0.6,0.0,-0.2,1.25,1.22,4.47
211,Sam Merrill,CLE,61,SG,22.4,5.5,5.0,0.9,0.2,0.402,0.404,0.929,0.01,-0.33,0.02,-1.28,-1.2,-1.48,0.64,1.83,6.79
212,Santi Aldama,MEM,61,PF,19.8,10.6,4.2,1.3,1.6,0.435,0.349,0.621,-0.27,0.46,0.09,0.0,0.8,-0.63,-0.3,-1.38,3.93
213,Scoot Henderson,POR,62,PG,24.3,5.4,9.4,1.3,0.4,0.385,0.325,0.819,0.24,-0.34,0.45,-0.38,-0.15,-1.84,-1.22,-0.2,4.82
214,Scottie Barnes,TOR,60,SG,27.5,11.4,8.4,1.7,2.0,0.475,0.341,0.781,0.83,2.9,1.58,0.43,3.12,0.6,-0.66,-0.2,10.32
215,Shai Gilgeous-Alexander,OKC,75,PG,42.4,7.8,8.8,2.8,1.3,0.535,0.353,0.874,2.51,1.02,0.22,2.45,2.59,2.44,-0.46,0.52,12.21
216,Simone Fontecchio,TOT,66,SF,20.3,7.2,3.0,1.3,0.7,0.46,0.401,0.818,0.16,0.0,-0.35,-0.2,0.0,0.17,0.83,0.3,2.01
217,Spencer Dinwiddie,TOT,76,PG,18.1,4.7,8.1,1.2,0.5,0.392,0.337,0.805,-0.53,-0.73,-0.06,-0.57,0.15,-1.64,-0.89,-0.38,4.95
218,Stephen Curry,GSW,74,PG,39.1,6.6,7.6,1.1,0.6,0.45,0.408,0.923,2.09,0.34,-0.26,-0.75,0.46,0.01,1.03,1.15,6.09
219,T.J. McConnell,IND,71,PG,26.6,7.0,14.3,2.6,0.3,0.556,0.409,0.79,0.53,0.56,2.38,2.07,-0.46,3.04,1.06,-0.58,10.68
220,Taurean Prince,LAL,78,PF,15.7,5.2,2.7,1.3,0.8,0.442,0.396,0.735,-0.81,-1.61,-0.57,0.0,-0.27,-0.51,0.34,-0.12,4.23
221,Terance Mann,LAC,75,SG,17.3,6.7,3.1,1.1,0.4,0.515,0.348,0.832,-0.81,0.33,-0.85,-0.85,-0.72,1.74,-0.52,0.5,6.32
222,Terry Rozier,TOT,61,PG,29.3,6.0,8.3,1.5,0.5,0.443,0.363,0.869,0.87,0.0,0.02,0.0,0.15,-0.19,-0.19,0.45,1.87
223,Tim Hardaway Jr.,DAL,79,SF,25.8,5.7,3.1,1.0,0.1,0.402,0.353,0.852,1.12,-0.63,-0.29,-0.8,-1.23,-1.35,-0.07,0.7,6.19
224,Tobias Harris,PHI,70,PF,25.0,9.4,4.5,1.5,1.0,0.487,0.353,0.878,0.4,0.0,0.22,0.5,0.0,0.28,-0.25,1.46,3.11
225,Toumani Camara,POR,70,PF,15.0,9.7,2.5,1.9,0.9,0.45,0.337,0.758,-0.9,0.11,-0.66,1.51,-0.13,-0.37,-0.47,0.13,4.28
226,Trayce Jackson-Davis,GSW,68,PF,23.1,14.6,3.5,1.2,3.3,0.702,0.0,0.561,0.16,1.99,-0.22,-0.25,3.06,4.04,-5.08,-2.05,16.85
227,Tre Jones,SAS,77,PG,17.1,6.4,10.6,1.7,0.2,0.505,0.335,0.856,-0.66,0.23,0.92,0.38,-0.76,1.58,-0.95,0.28,5.76
228,Trendon Watford,BRK,63,PF,25.0,11.2,4.7,1.3,1.1,0.527,0.397,0.794,0.4,0.69,0.31,0.0,0.13,0.98,0.36,0.53,3.4
229,Trey Lyles,SAC,58,PF,17.6,10.8,3.0,0.7,0.8,0.445,0.384,0.7,-0.56,0.54,-0.44,-1.51,-0.27,-0.45,0.18,-0.51,4.46
230,Troy Brown Jr.,TOT,59,SF,14.6,8.5,3.5,1.4,0.2,0.372,0.333,0.865,-0.82,0.55,-0.03,0.0,-1.02,-2.13,-0.44,0.86,5.85
231,Tyrese Haliburton,IND,69,PG,29.5,5.7,16.0,1.8,1.0,0.477,0.364,0.855,0.89,-0.17,3.04,0.57,1.67,0.78,-0.16,0.27,7.55
232,Tyrese Maxey,PHI,70,PG,34.0,4.8,8.1,1.3,0.6,0.45,0.373,0.868,1.46,-0.68,-0.06,-0.38,0.46,0.01,0.08,0.44,3.57
233,Tyus Jones,WAS,66,PG,19.1,4.3,11.7,1.7,0.4,0.489,0.414,0.8,-0.41,-0.96,1.36,0.38,-0.15,1.13,1.19,-0.45,6.03
234,Vasilije MiciÄ,TOT,60,PG,17.6,3.7,10.9,1.3,0.3,0.43,0.279,0.813,-0.59,-1.3,1.04,-0.38,-0.46,-0.56,-2.47,-0.28,7.08
235,Victor Wembanyama,SAS,71,C,34.3,17.0,6.2,2.0,5.7,0.465,0.325,0.796,2.01,0.63,0.92,1.36,3.32,-1.37,0.0,0.67,10.28
236,Walker Kessler,UTA,64,C,16.7,15.5,1.9,1.0,5.0,0.654,0.211,0.602,-0.84,0.2,-0.88,-0.58,2.72,1.07,-0.52,-1.74,8.55
237,Zach Collins,SAS,69,C,24.1,11.5,6.0,1.1,1.6,0.484,0.32,0.753,0.36,-0.95,0.83,-0.39,-0.17,-1.12,-0.02,0.14,3.98
238,Zeke Nnaji,DEN,58,PF,16.0,10.8,2.8,1.3,3.3,0.463,0.261,0.677,-0.77,0.54,-0.53,0.0,3.06,-0.14,-1.51,-0.76,7.31
239,Zion Williamson,NOP,70,PF,35.6,9.0,7.8,1.7,1.0,0.57,0.333,0.702,1.78,-0.15,1.68,1.01,0.0,1.73,-0.52,-0.49,7.36
